/*
December 28, 2019
DROP and CREATE statements are from design03c.sql
INSERT statements for objk and link, generated by genSql01.js
*/

DROP TABLE IF EXISTS nmbrng;
CREATE TABLE IF NOT EXISTS nmbrng (
 id varchar(1) NOT NULL,
 label varchar(80) NOT NULL,
 PRIMARY KEY (id));

INSERT INTO nmbrng (id, label) VALUES
 ('n', 'node'),
 ('t', 'type'),
 ('c', 'cntrl'),
 ('v', 'view'),
 ('m', 'mech'),
 ('s', 'srvc'),
 ('a', 'app'),
 ('?', 'etc???'),
 ('1', 'appspecific01');

DROP TABLE IF EXISTS objk;
CREATE TABLE IF NOT EXISTS objk (
 id integer NOT NULL,
 nmbrng_id varchar(10) NOT NULL DEFAULT '?',
 label varchar(80) NOT NULL,
 PRIMARY KEY (id, nmbrng_id),
 FOREIGN KEY (nmbrng_id) REFERENCES nmbrng(id));

DROP TABLE IF EXISTS link;
CREATE TABLE IF NOT EXISTS link (
 src_id integer NOT NULL,
 src_nmbrng_id varchar(10) NOT NULL,
 trg_id integer NOT NULL,
 trg_nmbrng_id varchar(10) NOT NULL,
 arrow_label varchar(80) NOT NULL,
 arrow_index integer,
 arrow_xpath varchar(80),
 FOREIGN KEY (src_id) REFERENCES objk(id),
 FOREIGN KEY (src_nmbrng_id) REFERENCES objk(nmbrng_id),
 FOREIGN KEY (trg_id) REFERENCES objk(id),
 FOREIGN KEY (trg_nmbrng_id) REFERENCES objk(nmbrng_id));

DROP TABLE IF EXISTS prop;
CREATE TABLE IF NOT EXISTS prop (
 id integer NOT NULL,
 nmbrng_id varchar(10) NOT NULL,
 prop_label varchar(80) NOT NULL,
 prop_value varchar(80) NOT NULL,
 PRIMARY KEY (id, nmbrng_id),
 FOREIGN KEY (id) REFERENCES objk(id),
 FOREIGN KEY (nmbrng_id) REFERENCES objk(nmbrng_id)
);

INSERT INTO objk (id, nmbrng_id, label) VALUES
 (0, 'a', 'Application'),
 (1, 'c', 'Controller'),
 (2, 'c', 'Start'),
 (3, 'c', 'Pause'),
 (4, 'c', 'Step'),
 (5, 'c', 'Stop'),
 (6, 'c', 'Refresh'),
 (7, 'c', 'View'),
 (47, 'n', ''),
 (50, 'n', ''),
 (8, 'c', 'Model'),
 (9, 'c', 'CompositeStructureHierarchy'),
 (0, 'n', ''),
 (2, 'n', ''),
 (3, 'n', ''),
 (0, 's', ''),
 (1, 's', ''),
 (2, 's', ''),
 (4, 'n', ''),
 (3, 's', ''),
 (4, 's', ''),
 (5, 's', ''),
 (6, 'b', ''),
 (5, 'n', 'ChartViewerService-JFreeChart'),
 (6, 'n', 'ChartViewerService-gnuplot'),
 (7, 'n', 'ChartViewerService-google2'),
 (8, 'n', 'ChartViewerService-c3'),
 (9, 'n', 'ChartViewerService-nvd3'),
 (7, 's', ''),
 (8, 'b', ''),
 (10, 'n', 'GraphicalTreeViewerService'),
 (11, 'n', 'HistogramViewerService'),
 (12, 'n', 'TextTreeViewerService'),
 (9, 's', ''),
 (1011202, 'n', ''),
 (10, 's', ''),
 (11, 's', ''),
 (46, 'n', ''),
 (12, 's', ''),
 (13, 's', ''),
 (48, 'n', ''),
 (14, 's', ''),
 (15, 's', ''),
 (16, 's', ''),
 (17, 'b', ''),
 (13, 'n', 'Google'),
 (14, 'n', 'Yahoo'),
 (15, 'n', 'Wikipedia (en)'),
 (16, 'n', 'Wiktionary (en)'),
 (17, 'n', 'Wikimedia commons'),
 (18, 'n', 'DuckDuckGo'),
 (19, 'n', 'Bing'),
 (20, 'n', 'Twitter'),
 (21, 'n', 'Webster'),
 (22, 'n', 'Answers.com'),
 (23, 'n', 'Ask.com'),
 (24, 'n', 'DBpedia'),
 (25, 'n', 'Wolfram|Alpha'),
 (26, 'n', 'Ecosia'),
 (27, 'n', 'XholonWorkbook'),
 (28, 'n', 'Azimuth Project'),
 (29, 'n', 'youtube'),
 (30, 'n', 'EyePlorer'),
 (31, 'n', 'dogpile'),
 (32, 'n', 'Google Scholar'),
 (33, 'n', 'Internet Archive'),
 (18, 's', ''),
 (19, 's', ''),
 (20, 's', ''),
 (21, 'b', ''),
 (22, 's', ''),
 (23, 'b', ''),
 (34, 'n', 'TimelineService-ChapJSON'),
 (24, 's', ''),
 (25, 'b', ''),
 (35, 'n', 'NoSqlService-Neo4jRestApi'),
 (26, 's', ''),
 (27, 's', ''),
 (28, 'b', ''),
 (36, 'n', 'RemoteNodeService-CrossApp'),
 (37, 'n', 'RemoteNodeService-PostMessage'),
 (38, 'n', 'RemoteNodeService-MessageChannel'),
 (39, 'n', 'RemoteNodeService-WebRTC'),
 (40, 'n', 'RemoteNodeService-PeerJS'),
 (29, 's', ''),
 (30, 'b', ''),
 (31, 's', ''),
 (32, 'b', ''),
 (41, 'n', 'SpreadsheetService-FormulaParser'),
 (33, 's', ''),
 (34, 'b', ''),
 (42, 'n', 'NaturalLanguageService-GoogleNL'),
 (43, 'n', 'NaturalLanguageService-OpenCalais'),
 (44, 'n', 'NaturalLanguageService-Sentimood'),
 (45, 'n', 'NaturalLanguageService-SentiEmoLex'),
 (35, 's', ''),
 (36, 'b', ''),
 (37, 's', ''),
 (38, 's', ''),
 (10, 'c', 'InheritanceHierarchy'),
 (0, 't', 'XholonClass'),
 (2000000, 't', 'XholonMechanism'),
 (2000001, 't', 'XhMechanisms'),
 (2000002, 't', 'XholonMechanisms'),
 (2000003, 't', 'UserMechanisms'),
 (2000004, 't', 'UserMechanism'),
 (1010000, 't', 'Annotation'),
 (1002200, 't', 'Attribute'),
 (1002201, 't', 'Attribute_attribute'),
 (1002202, 't', 'Attribute_boolean'),
 (1002203, 't', 'Attribute_byte'),
 (1002204, 't', 'Attribute_char'),
 (1002205, 't', 'Attribute_double'),
 (1002206, 't', 'Attribute_float'),
 (1002207, 't', 'Attribute_int'),
 (1002208, 't', 'Attribute_long'),
 (1002209, 't', 'Attribute_Object'),
 (1014910, 't', 'default'),
 (1002210, 't', 'Attribute_short'),
 (1002211, 't', 'Attribute_String'),
 (1002212, 't', 'Attribute_arrayboolean'),
 (1002213, 't', 'Attribute_arraybyte'),
 (1002214, 't', 'Attribute_arraychar'),
 (1002215, 't', 'Attribute_arraydouble'),
 (1002216, 't', 'Attribute_arrayfloat'),
 (1002217, 't', 'Attribute_arrayint'),
 (1002218, 't', 'Attribute_arraylong'),
 (1002219, 't', 'Attribute_arrayObject'),
 (1002220, 't', 'Attribute_arrayshort'),
 (1002221, 't', 'Attribute_arrayString'),
 (1002222, 't', 'Attribute_List'),
 (1002223, 't', 'Attribute_Map'),
 (1002224, 't', 'Attribute_Set'),
 (1002225, 't', 'attr:Attribute_boolean'),
 (1002226, 't', 'attr:Attribute_byte'),
 (1002227, 't', 'attr:Attribute_char'),
 (1002228, 't', 'attr:Attribute_double'),
 (1002229, 't', 'attr:Attribute_float'),
 (1002230, 't', 'attr:Attribute_int'),
 (1002231, 't', 'attr:Attribute_long'),
 (1002232, 't', 'attr:Attribute_Object'),
 (1002233, 't', 'attr:Attribute_short'),
 (1002234, 't', 'attr:Attribute_String'),
 (1014400, 't', 'Avatar'),
 (1014401, 't', 'Chatbot'),
 (1014402, 't', 'Sprite'),
 (1014403, 't', 'Stage'),
 (1001200, 't', 'Behavior'),
 (1001201, 't', 'OpaqueBehavior'),
 (1016400, 't', 'BehaviorTreeEntity'),
 (1016401, 't', 'RootBT'),
 (1016402, 't', 'CompositeBT'),
 (1016403, 't', 'SequenceBT'),
 (1016404, 't', 'SelectorBT'),
 (1016405, 't', 'ParallelBT'),
 (1016406, 't', 'DecoratorBT'),
 (1016407, 't', 'InverterBT'),
 (1016408, 't', 'LeafBT'),
 (1016409, 't', 'ActionBT'),
 (1016410, 't', 'ConditionBT'),
 (1016411, 't', 'SuccessBT'),
 (1016412, 't', 'FailureBT'),
 (1016413, 't', 'RunningBT'),
 (1013100, 't', 'BigraphEntity'),
 (1013101, 't', 'BigraphicalReactiveSystem'),
 (1013102, 't', 'Bigraphs'),
 (1013103, 't', 'Bigraph'),
 (1013104, 't', 'PlaceGraph'),
 (1013105, 't', 'LinkGraph'),
 (1013106, 't', 'ReactionRulesBG'),
 (1013107, 't', 'ReactionRuleBG'),
 (1013108, 't', 'Redex'),
 (1013109, 't', 'Reactum'),
 (1013110, 't', 'PlaceBG'),
 (1013111, 't', 'RootBG'),
 (1013112, 't', 'NodeBG'),
 (1013113, 't', 'SiteBG'),
 (1013114, 't', 'LinkBG'),
 (1013115, 't', 'HyperedgeBG'),
 (1013116, 't', 'OuterNameBG'),
 (1013117, 't', 'PointBG'),
 (1013118, 't', 'PortBG'),
 (1013119, 't', 'InnerNameBG'),
 (1013120, 't', 'ControlBG'),
 (1013121, 't', 'ComposerBG'),
 (1003200, 't', 'BusApp'),
 (1003201, 't', 'AppClientMVC'),
 (1003202, 't', 'AppClientModel'),
 (1003203, 't', 'AppClientView'),
 (1003204, 't', 'AppClientController'),
 (1003205, 't', 'AppClientWorker'),
 (1003206, 't', 'AppClientBusinessDelegate'),
 (1003207, 't', 'BusAppService'),
 (1003208, 't', 'BusAppDao'),
 (1003209, 't', 'BusAppEjb'),
 (1015900, 't', 'CatTheory'),
 (1015901, 't', 'CatAql'),
 (1015902, 't', 'CatOpDsl'),
 (1004200, 't', 'DfdEntity'),
 (1004201, 't', 'DfdExternalEntity'),
 (1004202, 't', 'DfdDataFlow'),
 (1004203, 't', 'DfdProcess'),
 (1004204, 't', 'DfdDataStore'),
 (1004205, 't', 'DfdContainer'),
 (1004206, 't', 'DfdExternalEntities'),
 (1004207, 't', 'DfdDataFlows'),
 (1004208, 't', 'DfdProcesses'),
 (1004209, 't', 'DfdDataStores'),
 (1014900, 't', 'gexf'),
 (1014901, 't', 'attributeGEXF'),
 (1014902, 't', 'attributes'),
 (1014903, 't', 'attvalue'),
 (1014904, 't', 'attvalues'),
 (1014905, 't', 'edge'),
 (1014906, 't', 'edges'),
 (1014907, 't', 'graph'),
 (1014908, 't', 'node'),
 (1014909, 't', 'nodes'),
 (1016200, 't', 'HypergraphEntity'),
 (1016201, 't', 'Hyperedge'),
 (1010300, 't', 'Listener'),
 (1010301, 't', 'ListenerList'),
 (1014800, 't', 'NaturalLanguage'),
 (1014801, 't', 'GoogleNL'),
 (1014802, 't', 'OpenCalais'),
 (1014803, 't', 'Sentimood'),
 (1014804, 't', 'SentiEmoLex'),
 (1014000, 't', 'NoSql'),
 (1014001, 't', 'NoSqlClient'),
 (1014002, 't', 'Neo4jClient'),
 (1003000, 't', 'OrNode'),
 (1003001, 't', 'OrNodeNext'),
 (1003002, 't', 'OrNodeRandom'),
 (1013000, 't', 'PetriNetEntity'),
 (1013001, 't', 'PetriNet'),
 (1013002, 't', 'PlacePN'),
 (1013003, 't', 'PlaceBoolean'),
 (1013004, 't', 'PlaceInteger'),
 (1013005, 't', 'PlaceStructured'),
 (1013006, 't', 'Species'),
 (1013007, 't', 'TransitionPN'),
 (1013008, 't', 'Reaction'),
 (1013009, 't', 'QueueTransitions'),
 (1013010, 't', 'ArcPN'),
 (1013011, 't', 'InputArc'),
 (1013012, 't', 'OutputArc'),
 (1013013, 't', 'Transitions'),
 (1013014, 't', 'Reactions'),
 (1013015, 't', 'Places'),
 (1013016, 't', 'Speciez'),
 (1013017, 't', 'InputArcs'),
 (1013018, 't', 'OutputArcs'),
 (1013019, 't', 'AnalysisPN'),
 (1013020, 't', 'AnalysisPetriNet'),
 (1013021, 't', 'AnalysisCRN'),
 (1013022, 't', 'AnalysisCat'),
 (1013023, 't', 'AnalysisMemComp'),
 (1013024, 't', 'PneBehavior'),
 (1013025, 't', 'PlaceBehavior'),
 (1013026, 't', 'MovingPlaceBehavior'),
 (1013027, 't', 'TransitionBehavior'),
 (1013028, 't', 'MovingTransitionBehavior'),
 (1013029, 't', 'FiringTransitionBehavior'),
 (1013030, 't', 'QueueNodesInGrid'),
 (1013031, 't', 'GridOwner'),
 (1013032, 't', 'ConstantlyStirredPot'),
 (1013033, 't', 'MembranePN'),
 (1000100, 't', 'Port'),
 (1014500, 't', 'RemoteNode'),
 (1014501, 't', 'CrossApp'),
 (1014502, 't', 'MessageChannel'),
 (1014503, 't', 'PeerJS'),
 (1014504, 't', 'PostMessage'),
 (1014505, 't', 'WebRTC'),
 (1010100, 't', 'Role'),
 (1016300, 't', 'RecipeEntity'),
 (1016301, 't', 'RecipeBook'),
 (1016302, 't', 'MinecraftStyleRecipeBook'),
 (1016303, 't', 'JsonRulesEngineRecipeBook'),
 (1016304, 't', 'CeptreJsonRulesEngineRecipeBook'),
 (1016000, 't', 'RoomEntity'),
 (1016001, 't', 'RoomETrice'),
 (1014300, 't', 'Script'),
 (1014301, 't', 'script'),
 (1014600, 't', 'SpreadsheetEntity'),
 (1014601, 't', 'Workbook'),
 (1014602, 't', 'Spreadsheet'),
 (1014603, 't', 'SpreadsheetRow'),
 (1014604, 't', 'SpreadsheetCell'),
 (1014605, 't', 'SpreadsheetFormula'),
 (1014606, 't', 'Srw'),
 (1014607, 't', 'Scl'),
 (1014608, 't', 'Sfr'),
 (1000000, 't', 'StateMachineEntity'),
 (1000001, 't', 'StateMachine'),
 (1000002, 't', 'Region'),
 (1000003, 't', 'Vertex'),
 (1000004, 't', 'ConnectionPointReference'),
 (1000005, 't', 'State'),
 (1000006, 't', 'FinalState'),
 (1000007, 't', 'Pseudostate'),
 (1000008, 't', 'PseudostateTerminate'),
 (1000009, 't', 'PseudostateShallowHistory'),
 (1000010, 't', 'PseudostateJunction'),
 (1000011, 't', 'PseudostateJoin'),
 (1000012, 't', 'PseudostateInitial'),
 (1000013, 't', 'PseudostateFork'),
 (1000014, 't', 'PseudostateExitPoint'),
 (1000015, 't', 'PseudostateEntryPoint'),
 (1000016, 't', 'PseudostateDeepHistory'),
 (1000017, 't', 'PseudostateChoice'),
 (1000018, 't', 'Trigger'),
 (1000019, 't', 'Transition'),
 (1000020, 't', 'TransitionExternal'),
 (1000021, 't', 'TransitionInternal'),
 (1000022, 't', 'TransitionLocal'),
 (1000023, 't', 'Activity'),
 (1000024, 't', 'Guard'),
 (1000025, 't', 'EntryActivity'),
 (1000026, 't', 'ExitActivity'),
 (1000027, 't', 'DoActivity'),
 (1000028, 't', 'DeferrableTrigger'),
 (1000029, 't', 'Target'),
 (1016500, 't', 'SubtreesEntity'),
 (1016501, 't', 'BehaviorsST'),
 (1016502, 't', 'InventoryST'),
 (1016503, 't', 'ToolsST'),
 (1010200, 't', 'Uid'),
 (1016100, 't', 'XholonBase'),
 (1016101, 't', 'XholonNull'),
 (1016102, 't', 'MathObject'),
 (1004100, 't', 'XholonCollection'),
 (1004101, 't', 'XholonList'),
 (1004102, 't', 'XholonMap'),
 (1004103, 't', 'XholonSet'),
 (1011200, 't', 'XholonFramework'),
 (1011201, 't', 'InheritanceHierarchy'),
 (1011202, 't', 'TreeNodeFactory'),
 (1011203, 't', 'Queue'),
 (1011204, 't', 'SynchronizedQueue'),
 (1011205, 't', 'XholonNode'),
 (1011206, 't', 'Message'),
 (1010700, 't', 'XholonService'),
 (1010701, 't', 'XholonInternalService'),
 (1010702, 't', 'ServiceLocatorService'),
 (1010703, 't', 'XholonDirectoryService'),
 (1010704, 't', 'DummyService'),
 (1010705, 't', 'TreeProcessorService'),
 (1010706, 't', 'AboutService'),
 (1010707, 't', 'ChartViewerService'),
 (1010708, 't', 'SpringFrameworkService'),
 (1010709, 't', 'NodeSelectionService'),
 (1010710, 't', 'XholonHelperService'),
 (1010711, 't', 'WiringService'),
 (1010712, 't', 'ControlService'),
 (1010713, 't', 'ScriptService'),
 (1010714, 't', 'CssService'),
 (1010715, 't', 'MediaService'),
 (1010716, 't', 'GameEngineService'),
 (1010717, 't', 'NetLogoService'),
 (1010718, 't', 'SvgViewService'),
 (1010719, 't', 'GistService'),
 (1010720, 't', 'ExternalFormatService'),
 (1010721, 't', 'SearchEngineService'),
 (1010722, 't', 'RecordPlaybackService'),
 (1010723, 't', 'SemanticWebService'),
 (1010724, 't', 'SbmlService'),
 (1010725, 't', 'MathSciEngService'),
 (1010726, 't', 'BlackboardService'),
 (1010727, 't', 'VfsService'),
 (1010728, 't', 'NoSqlService'),
 (1010729, 't', 'RestService'),
 (1010730, 't', 'BlueprintsService'),
 (1010731, 't', 'XmlDatabaseService'),
 (1010732, 't', 'JcrService'),
 (1010733, 't', 'JavaSerializationService'),
 (1010734, 't', 'BerkeleyDbService'),
 (1010735, 't', 'TimelineService'),
 (1010736, 't', 'ValidationService'),
 (1010737, 't', 'XmlValidationService'),
 (1010738, 't', 'DatabaseService'),
 (1010739, 't', 'GenericViewerService'),
 (1010740, 't', 'GridViewerService'),
 (1010741, 't', 'VrmlService'),
 (1010742, 't', 'GraphicalNetworkViewerService'),
 (1010743, 't', 'LogService'),
 (1010744, 't', 'ReflectionService'),
 (1010745, 't', 'Xholon2XmlService'),
 (1010746, 't', 'XholonCreationService'),
 (1010747, 't', 'XmlReaderService'),
 (1010748, 't', 'XmlWriterService'),
 (1010749, 't', 'Xml2XholonService'),
 (1010750, 't', 'XPathService'),
 (1010751, 't', 'XQueryService'),
 (1010752, 't', 'MeteorPlatformService'),
 (1010753, 't', 'RemoteNodeService'),
 (1010754, 't', 'BroadcastService'),
 (1010755, 't', 'SpreadsheetService'),
 (1010756, 't', 'NaturalLanguageService'),
 (1010757, 't', 'RecipeService'),
 (1010758, 't', 'HTML5Service'),
 (1010759, 't', 'WebCryptographyService'),
 (1010760, 't', 'IndexedDBService'),
 (1010761, 't', 'Xholon2Svg'),
 (1010762, 't', 'Xholon2Properties'),
 (1010763, 't', 'XholonInternalServices'),
 (1010764, 't', 'XholonUserService'),
 (1010765, 't', 'XholonUserServices'),
 (1010766, 't', 'XholonServiceImpl'),
 (1010800, 't', 'XPath'),
 (1010801, 't', 'PcsPath'),
 (2000100, 't', 'XholonViewer'),
 (1000200, 't', 'DataPlotter'),
 (1000201, 't', 'XYChart'),
 (1000202, 't', 'XAxisLabel'),
 (1000203, 't', 'YAxisLabel'),
 (1000204, 't', 'XYSeries'),
 (1000500, 't', 'GridViewer'),
 (1002100, 't', 'HistogramViewer'),
 (1002101, 't', 'XAxisLabel_Hist'),
 (1002102, 't', 'YAxisLabel_Hist'),
 (1000600, 't', 'Interactions'),
 (1000700, 't', 'Snapshot'),
 (1011600, 't', 'SvgEntity'),
 (1011601, 't', 'SvgLabel'),
 (1011602, 't', 'SvgViewable'),
 (1011603, 't', 'SvgAttribute'),
 (1011604, 't', 'SvgClient'),
 (1000800, 't', 'TextTree'),
 (1, 't', 'HelloWorldSystem'),
 (2, 't', 'Hello'),
 (3, 't', 'World'),
 (11, 'c', 'MechanismHierarchy'),
 (0, 'm', 'XhMechanisms'),
 (1, 'm', 'XholonMechanisms'),
 (2, 'm', 'Action'),
 (3, 'm', 'Annotation'),
 (4, 'm', 'Attribute'),
 (5, 'm', 'Avatar'),
 (6, 'm', 'Behavior'),
 (7, 'm', 'BehaviorTreeEntity'),
 (8, 'm', 'BigraphEntity'),
 (9, 'm', 'BusApp'),
 (10, 'm', 'CatTheory'),
 (11, 'm', 'Control'),
 (12, 'm', 'DfdEntity'),
 (13, 'm', 'gexf'),
 (14, 'm', 'Hypergraph'),
 (15, 'm', 'Listener'),
 (16, 'm', 'NaturalLanguage'),
 (17, 'm', 'NoSql'),
 (18, 'm', 'OrNode'),
 (19, 'm', 'PetriNetEntity'),
 (20, 'm', 'Port'),
 (21, 'm', 'Recipe'),
 (22, 'm', 'RemoteNode'),
 (23, 'm', 'Role'),
 (24, 'm', 'RoomEntity'),
 (25, 'm', 'Script'),
 (26, 'm', 'SpreadsheetEntity'),
 (27, 'm', 'StateMachineEntity'),
 (28, 'm', 'Story'),
 (29, 'm', 'SubtreesEntity'),
 (30, 'm', 'Uid'),
 (31, 'm', 'XholonBase'),
 (32, 'm', 'XholonCollection'),
 (33, 'm', 'Xholon'),
 (34, 'm', 'XholonFramework'),
 (35, 'm', 'XholonMechanism'),
 (36, 'm', 'XholonService'),
 (37, 'm', 'XPath'),
 (38, 'm', 'XholonViewers'),
 (39, 'm', 'DataPlotter'),
 (40, 'm', 'GraphicalNetworkViewer'),
 (41, 'm', 'GraphicalTreeViewer'),
 (42, 'm', 'GridViewer'),
 (43, 'm', 'HistogramViewer'),
 (44, 'm', 'Interactions'),
 (45, 'm', 'Snapshot'),
 (46, 'm', 'SvgEntity'),
 (47, 'm', 'TextTree'),
 (48, 'm', 'Vrml'),
 (49, 'm', 'XholonConsole')
;

INSERT INTO link (src_id, src_nmbrng_id, trg_id, trg_nmbrng_id, arrow_label, arrow_index, arrow_xpath) VALUES
 (1, 'c', '1002000', 't', 'type', NULL, ''),
 (1, 'c', '0', 'a', 'prnt', NULL, ''),
 (2, 'c', '1002000', 't', 'type', NULL, ''),
 (2, 'c', '1', 'c', 'prnt', NULL, ''),
 (3, 'c', '1002000', 't', 'type', NULL, ''),
 (3, 'c', '1', 'c', 'prnt', NULL, ''),
 (4, 'c', '1002000', 't', 'type', NULL, ''),
 (4, 'c', '1', 'c', 'prnt', NULL, ''),
 (5, 'c', '1002000', 't', 'type', NULL, ''),
 (5, 'c', '1', 'c', 'prnt', NULL, ''),
 (6, 'c', '1002000', 't', 'type', NULL, ''),
 (6, 'c', '1', 'c', 'prnt', NULL, ''),
 (7, 'c', '1002000', 't', 'type', NULL, ''),
 (7, 'c', '0', 'a', 'prnt', NULL, ''),
 (47, 'n', '1011604', 't', 'type', NULL, ''),
 (47, 'n', '7', 'c', 'prnt', NULL, ''),
 (50, 'n', '1000600', 't', 'type', NULL, ''),
 (50, 'n', '7', 'c', 'prnt', NULL, ''),
 (8, 'c', '1002000', 't', 'type', NULL, ''),
 (8, 'c', '0', 'a', 'prnt', NULL, ''),
 (9, 'c', '1002000', 't', 'type', NULL, ''),
 (9, 'c', '8', 'c', 'prnt', NULL, ''),
 (0, 'n', '1', 't', 'type', NULL, ''),
 (0, 'n', '9', 'c', 'prnt', NULL, ''),
 (2, 'n', '2', 't', 'type', NULL, ''),
 (2, 'n', '0', 'n', 'prnt', NULL, ''),
 (3, 'n', '3', 't', 'type', NULL, ''),
 (3, 'n', '0', 'n', 'prnt', NULL, ''),
 (0, 's', '1010763', 't', 'type', NULL, ''),
 (0, 's', '9', 'c', 'prnt', NULL, ''),
 (1, 's', '1010702', 't', 'type', NULL, ''),
 (1, 's', '0', 's', 'prnt', NULL, ''),
 (2, 's', '1010750', 't', 'type', NULL, ''),
 (2, 's', '0', 's', 'prnt', NULL, ''),
 (4, 'n', '1010800', 't', 'type', NULL, ''),
 (4, 'n', '2', 's', 'prnt', NULL, ''),
 (3, 's', '1010703', 't', 'type', NULL, ''),
 (3, 's', '0', 's', 'prnt', NULL, ''),
 (4, 's', '1010706', 't', 'type', NULL, ''),
 (4, 's', '0', 's', 'prnt', NULL, ''),
 (5, 's', '1010707', 't', 'type', NULL, ''),
 (5, 's', '0', 's', 'prnt', NULL, ''),
 (6, 'b', '1004102', 't', 'type', NULL, ''),
 (6, 'b', '5', 's', 'prnt', NULL, ''),
 (5, 'n', '1002234', 't', 'type', NULL, ''),
 (5, 'n', '6', 'b', 'prnt', NULL, ''),
 (6, 'n', '1002234', 't', 'type', NULL, ''),
 (6, 'n', '6', 'b', 'prnt', NULL, ''),
 (7, 'n', '1002234', 't', 'type', NULL, ''),
 (7, 'n', '6', 'b', 'prnt', NULL, ''),
 (8, 'n', '1002234', 't', 'type', NULL, ''),
 (8, 'n', '6', 'b', 'prnt', NULL, ''),
 (9, 'n', '1002234', 't', 'type', NULL, ''),
 (9, 'n', '6', 'b', 'prnt', NULL, ''),
 (7, 's', '1010739', 't', 'type', NULL, ''),
 (7, 's', '0', 's', 'prnt', NULL, ''),
 (8, 'b', '1004102', 't', 'type', NULL, ''),
 (8, 'b', '7', 's', 'prnt', NULL, ''),
 (10, 'n', '1002234', 't', 'type', NULL, ''),
 (10, 'n', '8', 'b', 'prnt', NULL, ''),
 (11, 'n', '1002234', 't', 'type', NULL, ''),
 (11, 'n', '8', 'b', 'prnt', NULL, ''),
 (12, 'n', '1002234', 't', 'type', NULL, ''),
 (12, 'n', '8', 'b', 'prnt', NULL, ''),
 (9, 's', '1010746', 't', 'type', NULL, ''),
 (9, 's', '0', 's', 'prnt', NULL, ''),
 (1011202, 'n', '1011202', 't', 'type', NULL, ''),
 (1011202, 'n', '9', 's', 'prnt', NULL, ''),
 (10, 's', '1010709', 't', 'type', NULL, ''),
 (10, 's', '0', 's', 'prnt', NULL, ''),
 (11, 's', '1010710', 't', 'type', NULL, ''),
 (11, 's', '0', 's', 'prnt', NULL, ''),
 (46, 'n', '4', 't', 'type', NULL, ''),
 (46, 'n', '11', 's', 'prnt', NULL, ''),
 (12, 's', '1010711', 't', 'type', NULL, ''),
 (12, 's', '0', 's', 'prnt', NULL, ''),
 (13, 's', '1010718', 't', 'type', NULL, ''),
 (13, 's', '0', 's', 'prnt', NULL, ''),
 (48, 'n', '1010766', 't', 'type', NULL, ''),
 (48, 'n', '13', 's', 'prnt', NULL, ''),
 (14, 's', '1010719', 't', 'type', NULL, ''),
 (14, 's', '0', 's', 'prnt', NULL, ''),
 (15, 's', '1010720', 't', 'type', NULL, ''),
 (15, 's', '0', 's', 'prnt', NULL, ''),
 (16, 's', '1010721', 't', 'type', NULL, ''),
 (16, 's', '0', 's', 'prnt', NULL, ''),
 (17, 'b', '1004102', 't', 'type', NULL, ''),
 (17, 'b', '16', 's', 'prnt', NULL, ''),
 (13, 'n', '1002234', 't', 'type', NULL, ''),
 (13, 'n', '17', 'b', 'prnt', NULL, ''),
 (14, 'n', '1002234', 't', 'type', NULL, ''),
 (14, 'n', '17', 'b', 'prnt', NULL, ''),
 (15, 'n', '1002234', 't', 'type', NULL, ''),
 (15, 'n', '17', 'b', 'prnt', NULL, ''),
 (16, 'n', '1002234', 't', 'type', NULL, ''),
 (16, 'n', '17', 'b', 'prnt', NULL, ''),
 (17, 'n', '1002234', 't', 'type', NULL, ''),
 (17, 'n', '17', 'b', 'prnt', NULL, ''),
 (18, 'n', '1002234', 't', 'type', NULL, ''),
 (18, 'n', '17', 'b', 'prnt', NULL, ''),
 (19, 'n', '1002234', 't', 'type', NULL, ''),
 (19, 'n', '17', 'b', 'prnt', NULL, ''),
 (20, 'n', '1002234', 't', 'type', NULL, ''),
 (20, 'n', '17', 'b', 'prnt', NULL, ''),
 (21, 'n', '1002234', 't', 'type', NULL, ''),
 (21, 'n', '17', 'b', 'prnt', NULL, ''),
 (22, 'n', '1002234', 't', 'type', NULL, ''),
 (22, 'n', '17', 'b', 'prnt', NULL, ''),
 (23, 'n', '1002234', 't', 'type', NULL, ''),
 (23, 'n', '17', 'b', 'prnt', NULL, ''),
 (24, 'n', '1002234', 't', 'type', NULL, ''),
 (24, 'n', '17', 'b', 'prnt', NULL, ''),
 (25, 'n', '1002234', 't', 'type', NULL, ''),
 (25, 'n', '17', 'b', 'prnt', NULL, ''),
 (26, 'n', '1002234', 't', 'type', NULL, ''),
 (26, 'n', '17', 'b', 'prnt', NULL, ''),
 (27, 'n', '1002234', 't', 'type', NULL, ''),
 (27, 'n', '17', 'b', 'prnt', NULL, ''),
 (28, 'n', '1002234', 't', 'type', NULL, ''),
 (28, 'n', '17', 'b', 'prnt', NULL, ''),
 (29, 'n', '1002234', 't', 'type', NULL, ''),
 (29, 'n', '17', 'b', 'prnt', NULL, ''),
 (30, 'n', '1002234', 't', 'type', NULL, ''),
 (30, 'n', '17', 'b', 'prnt', NULL, ''),
 (31, 'n', '1002234', 't', 'type', NULL, ''),
 (31, 'n', '17', 'b', 'prnt', NULL, ''),
 (32, 'n', '1002234', 't', 'type', NULL, ''),
 (32, 'n', '17', 'b', 'prnt', NULL, ''),
 (33, 'n', '1002234', 't', 'type', NULL, ''),
 (33, 'n', '17', 'b', 'prnt', NULL, ''),
 (18, 's', '1010722', 't', 'type', NULL, ''),
 (18, 's', '0', 's', 'prnt', NULL, ''),
 (19, 's', '1010725', 't', 'type', NULL, ''),
 (19, 's', '0', 's', 'prnt', NULL, ''),
 (20, 's', '1010726', 't', 'type', NULL, ''),
 (20, 's', '0', 's', 'prnt', NULL, ''),
 (21, 'b', '1004102', 't', 'type', NULL, ''),
 (21, 'b', '20', 's', 'prnt', NULL, ''),
 (22, 's', '1010735', 't', 'type', NULL, ''),
 (22, 's', '0', 's', 'prnt', NULL, ''),
 (23, 'b', '1004102', 't', 'type', NULL, ''),
 (23, 'b', '22', 's', 'prnt', NULL, ''),
 (34, 'n', '1002234', 't', 'type', NULL, ''),
 (34, 'n', '23', 'b', 'prnt', NULL, ''),
 (24, 's', '1010728', 't', 'type', NULL, ''),
 (24, 's', '0', 's', 'prnt', NULL, ''),
 (25, 'b', '1004102', 't', 'type', NULL, ''),
 (25, 'b', '24', 's', 'prnt', NULL, ''),
 (35, 'n', '1002234', 't', 'type', NULL, ''),
 (35, 'n', '25', 'b', 'prnt', NULL, ''),
 (26, 's', '1010752', 't', 'type', NULL, ''),
 (26, 's', '0', 's', 'prnt', NULL, ''),
 (27, 's', '1010753', 't', 'type', NULL, ''),
 (27, 's', '0', 's', 'prnt', NULL, ''),
 (28, 'b', '1004102', 't', 'type', NULL, ''),
 (28, 'b', '27', 's', 'prnt', NULL, ''),
 (36, 'n', '1002234', 't', 'type', NULL, ''),
 (36, 'n', '28', 'b', 'prnt', NULL, ''),
 (37, 'n', '1002234', 't', 'type', NULL, ''),
 (37, 'n', '28', 'b', 'prnt', NULL, ''),
 (38, 'n', '1002234', 't', 'type', NULL, ''),
 (38, 'n', '28', 'b', 'prnt', NULL, ''),
 (39, 'n', '1002234', 't', 'type', NULL, ''),
 (39, 'n', '28', 'b', 'prnt', NULL, ''),
 (40, 'n', '1002234', 't', 'type', NULL, ''),
 (40, 'n', '28', 'b', 'prnt', NULL, ''),
 (29, 's', '1010754', 't', 'type', NULL, ''),
 (29, 's', '0', 's', 'prnt', NULL, ''),
 (30, 'b', '1004102', 't', 'type', NULL, ''),
 (30, 'b', '29', 's', 'prnt', NULL, ''),
 (31, 's', '1010755', 't', 'type', NULL, ''),
 (31, 's', '0', 's', 'prnt', NULL, ''),
 (32, 'b', '1004102', 't', 'type', NULL, ''),
 (32, 'b', '31', 's', 'prnt', NULL, ''),
 (41, 'n', '1002234', 't', 'type', NULL, ''),
 (41, 'n', '32', 'b', 'prnt', NULL, ''),
 (33, 's', '1010756', 't', 'type', NULL, ''),
 (33, 's', '0', 's', 'prnt', NULL, ''),
 (34, 'b', '1004102', 't', 'type', NULL, ''),
 (34, 'b', '33', 's', 'prnt', NULL, ''),
 (42, 'n', '1002234', 't', 'type', NULL, ''),
 (42, 'n', '34', 'b', 'prnt', NULL, ''),
 (43, 'n', '1002234', 't', 'type', NULL, ''),
 (43, 'n', '34', 'b', 'prnt', NULL, ''),
 (44, 'n', '1002234', 't', 'type', NULL, ''),
 (44, 'n', '34', 'b', 'prnt', NULL, ''),
 (45, 'n', '1002234', 't', 'type', NULL, ''),
 (45, 'n', '34', 'b', 'prnt', NULL, ''),
 (35, 's', '1010757', 't', 'type', NULL, ''),
 (35, 's', '0', 's', 'prnt', NULL, ''),
 (36, 'b', '1004102', 't', 'type', NULL, ''),
 (36, 'b', '35', 's', 'prnt', NULL, ''),
 (37, 's', '1010759', 't', 'type', NULL, ''),
 (37, 's', '0', 's', 'prnt', NULL, ''),
 (38, 's', '1010760', 't', 'type', NULL, ''),
 (38, 's', '0', 's', 'prnt', NULL, ''),
 (10, 'c', '1002000', 't', 'type', NULL, ''),
 (10, 'c', '8', 'c', 'prnt', NULL, ''),
 (0, 't', '10', 'c', 'prnt', NULL, ''),
 (2000000, 't', '0', 't', 'prnt', NULL, ''),
 (2000001, 't', '2000000', 't', 'prnt', NULL, ''),
 (2000002, 't', '2000000', 't', 'prnt', NULL, ''),
 (2000003, 't', '2000000', 't', 'prnt', NULL, ''),
 (2000004, 't', '2000000', 't', 'prnt', NULL, ''),
 (1010000, 't', '2000000', 't', 'prnt', NULL, ''),
 (1002200, 't', '2000000', 't', 'prnt', NULL, ''),
 (1002201, 't', '1002200', 't', 'prnt', NULL, ''),
 (1002202, 't', '1002200', 't', 'prnt', NULL, ''),
 (1002203, 't', '1002200', 't', 'prnt', NULL, ''),
 (1002204, 't', '1002200', 't', 'prnt', NULL, ''),
 (1002205, 't', '1002200', 't', 'prnt', NULL, ''),
 (1002206, 't', '1002200', 't', 'prnt', NULL, ''),
 (1002207, 't', '1002200', 't', 'prnt', NULL, ''),
 (1002208, 't', '1002200', 't', 'prnt', NULL, ''),
 (1002209, 't', '1002200', 't', 'prnt', NULL, ''),
 (1014910, 't', '1002209', 't', 'prnt', NULL, ''),
 (1002210, 't', '1002200', 't', 'prnt', NULL, ''),
 (1002211, 't', '1002200', 't', 'prnt', NULL, ''),
 (1002212, 't', '1002200', 't', 'prnt', NULL, ''),
 (1002213, 't', '1002200', 't', 'prnt', NULL, ''),
 (1002214, 't', '1002200', 't', 'prnt', NULL, ''),
 (1002215, 't', '1002200', 't', 'prnt', NULL, ''),
 (1002216, 't', '1002200', 't', 'prnt', NULL, ''),
 (1002217, 't', '1002200', 't', 'prnt', NULL, ''),
 (1002218, 't', '1002200', 't', 'prnt', NULL, ''),
 (1002219, 't', '1002200', 't', 'prnt', NULL, ''),
 (1002220, 't', '1002200', 't', 'prnt', NULL, ''),
 (1002221, 't', '1002200', 't', 'prnt', NULL, ''),
 (1002222, 't', '1002200', 't', 'prnt', NULL, ''),
 (1002223, 't', '1002200', 't', 'prnt', NULL, ''),
 (1002224, 't', '1002200', 't', 'prnt', NULL, ''),
 (1002225, 't', '1002200', 't', 'prnt', NULL, ''),
 (1002226, 't', '1002200', 't', 'prnt', NULL, ''),
 (1002227, 't', '1002200', 't', 'prnt', NULL, ''),
 (1002228, 't', '1002200', 't', 'prnt', NULL, ''),
 (1002229, 't', '1002200', 't', 'prnt', NULL, ''),
 (1002230, 't', '1002200', 't', 'prnt', NULL, ''),
 (1002231, 't', '1002200', 't', 'prnt', NULL, ''),
 (1002232, 't', '1002200', 't', 'prnt', NULL, ''),
 (1002233, 't', '1002200', 't', 'prnt', NULL, ''),
 (1002234, 't', '1002200', 't', 'prnt', NULL, ''),
 (1014400, 't', '2000000', 't', 'prnt', NULL, ''),
 (1014401, 't', '2000000', 't', 'prnt', NULL, ''),
 (1014402, 't', '2000000', 't', 'prnt', NULL, ''),
 (1014403, 't', '2000000', 't', 'prnt', NULL, ''),
 (1001200, 't', '2000000', 't', 'prnt', NULL, ''),
 (1001201, 't', '1001200', 't', 'prnt', NULL, ''),
 (1016400, 't', '2000000', 't', 'prnt', NULL, ''),
 (1016401, 't', '1016400', 't', 'prnt', NULL, ''),
 (1016402, 't', '1016400', 't', 'prnt', NULL, ''),
 (1016403, 't', '1016402', 't', 'prnt', NULL, ''),
 (1016404, 't', '1016402', 't', 'prnt', NULL, ''),
 (1016405, 't', '1016402', 't', 'prnt', NULL, ''),
 (1016406, 't', '1016400', 't', 'prnt', NULL, ''),
 (1016407, 't', '1016406', 't', 'prnt', NULL, ''),
 (1016408, 't', '1016400', 't', 'prnt', NULL, ''),
 (1016409, 't', '1016408', 't', 'prnt', NULL, ''),
 (1016410, 't', '1016408', 't', 'prnt', NULL, ''),
 (1016411, 't', '1016408', 't', 'prnt', NULL, ''),
 (1016412, 't', '1016408', 't', 'prnt', NULL, ''),
 (1016413, 't', '1016408', 't', 'prnt', NULL, ''),
 (1013100, 't', '2000000', 't', 'prnt', NULL, ''),
 (1013101, 't', '1013100', 't', 'prnt', NULL, ''),
 (1013102, 't', '1013100', 't', 'prnt', NULL, ''),
 (1013103, 't', '1013100', 't', 'prnt', NULL, ''),
 (1013104, 't', '1013100', 't', 'prnt', NULL, ''),
 (1013105, 't', '1013100', 't', 'prnt', NULL, ''),
 (1013106, 't', '1013100', 't', 'prnt', NULL, ''),
 (1013107, 't', '1013100', 't', 'prnt', NULL, ''),
 (1013108, 't', '1013100', 't', 'prnt', NULL, ''),
 (1013109, 't', '1013100', 't', 'prnt', NULL, ''),
 (1013110, 't', '1013100', 't', 'prnt', NULL, ''),
 (1013111, 't', '1013110', 't', 'prnt', NULL, ''),
 (1013112, 't', '1013110', 't', 'prnt', NULL, ''),
 (1013113, 't', '1013100', 't', 'prnt', NULL, ''),
 (1013114, 't', '1013100', 't', 'prnt', NULL, ''),
 (1013115, 't', '1013114', 't', 'prnt', NULL, ''),
 (1013116, 't', '1013114', 't', 'prnt', NULL, ''),
 (1013117, 't', '1013100', 't', 'prnt', NULL, ''),
 (1013118, 't', '1013117', 't', 'prnt', NULL, ''),
 (1013119, 't', '1013117', 't', 'prnt', NULL, ''),
 (1013120, 't', '1013100', 't', 'prnt', NULL, ''),
 (1013121, 't', '1013100', 't', 'prnt', NULL, ''),
 (1003200, 't', '2000000', 't', 'prnt', NULL, ''),
 (1003201, 't', '1003200', 't', 'prnt', NULL, ''),
 (1003202, 't', '1003200', 't', 'prnt', NULL, ''),
 (1003203, 't', '1003200', 't', 'prnt', NULL, ''),
 (1003204, 't', '1003200', 't', 'prnt', NULL, ''),
 (1003205, 't', '1003200', 't', 'prnt', NULL, ''),
 (1003206, 't', '1003200', 't', 'prnt', NULL, ''),
 (1003207, 't', '1003200', 't', 'prnt', NULL, ''),
 (1003208, 't', '1003200', 't', 'prnt', NULL, ''),
 (1003209, 't', '1003200', 't', 'prnt', NULL, ''),
 (1015900, 't', '2000000', 't', 'prnt', NULL, ''),
 (1015901, 't', '1015900', 't', 'prnt', NULL, ''),
 (1015902, 't', '1015900', 't', 'prnt', NULL, ''),
 (1004200, 't', '2000000', 't', 'prnt', NULL, ''),
 (1004201, 't', '1004200', 't', 'prnt', NULL, ''),
 (1004202, 't', '1004200', 't', 'prnt', NULL, ''),
 (1004203, 't', '1004200', 't', 'prnt', NULL, ''),
 (1004204, 't', '1004200', 't', 'prnt', NULL, ''),
 (1004205, 't', '1004200', 't', 'prnt', NULL, ''),
 (1004206, 't', '1004205', 't', 'prnt', NULL, ''),
 (1004207, 't', '1004205', 't', 'prnt', NULL, ''),
 (1004208, 't', '1004205', 't', 'prnt', NULL, ''),
 (1004209, 't', '1004205', 't', 'prnt', NULL, ''),
 (1014900, 't', '2000000', 't', 'prnt', NULL, ''),
 (1014901, 't', '1014900', 't', 'prnt', NULL, ''),
 (1014902, 't', '1014900', 't', 'prnt', NULL, ''),
 (1014903, 't', '1014900', 't', 'prnt', NULL, ''),
 (1014904, 't', '1014900', 't', 'prnt', NULL, ''),
 (1014905, 't', '1014900', 't', 'prnt', NULL, ''),
 (1014906, 't', '1014900', 't', 'prnt', NULL, ''),
 (1014907, 't', '1014900', 't', 'prnt', NULL, ''),
 (1014908, 't', '1014900', 't', 'prnt', NULL, ''),
 (1014909, 't', '1014900', 't', 'prnt', NULL, ''),
 (1016200, 't', '2000000', 't', 'prnt', NULL, ''),
 (1016201, 't', '1016200', 't', 'prnt', NULL, ''),
 (1010300, 't', '2000000', 't', 'prnt', NULL, ''),
 (1010301, 't', '1010300', 't', 'prnt', NULL, ''),
 (1014800, 't', '2000000', 't', 'prnt', NULL, ''),
 (1014801, 't', '1014800', 't', 'prnt', NULL, ''),
 (1014802, 't', '1014800', 't', 'prnt', NULL, ''),
 (1014803, 't', '1014800', 't', 'prnt', NULL, ''),
 (1014804, 't', '1014800', 't', 'prnt', NULL, ''),
 (1014000, 't', '2000000', 't', 'prnt', NULL, ''),
 (1014001, 't', '1014000', 't', 'prnt', NULL, ''),
 (1014002, 't', '1014000', 't', 'prnt', NULL, ''),
 (1003000, 't', '2000000', 't', 'prnt', NULL, ''),
 (1003001, 't', '1003000', 't', 'prnt', NULL, ''),
 (1003002, 't', '1003000', 't', 'prnt', NULL, ''),
 (1013000, 't', '2000000', 't', 'prnt', NULL, ''),
 (1013001, 't', '1013000', 't', 'prnt', NULL, ''),
 (1013002, 't', '1013000', 't', 'prnt', NULL, ''),
 (1013003, 't', '1013002', 't', 'prnt', NULL, ''),
 (1013004, 't', '1013002', 't', 'prnt', NULL, ''),
 (1013005, 't', '1013002', 't', 'prnt', NULL, ''),
 (1013006, 't', '1013002', 't', 'prnt', NULL, ''),
 (1013007, 't', '1013000', 't', 'prnt', NULL, ''),
 (1013008, 't', '1013007', 't', 'prnt', NULL, ''),
 (1013009, 't', '1013000', 't', 'prnt', NULL, ''),
 (1013010, 't', '1013000', 't', 'prnt', NULL, ''),
 (1013011, 't', '1013010', 't', 'prnt', NULL, ''),
 (1013012, 't', '1013010', 't', 'prnt', NULL, ''),
 (1013013, 't', '1013000', 't', 'prnt', NULL, ''),
 (1013014, 't', '1013013', 't', 'prnt', NULL, ''),
 (1013015, 't', '1013000', 't', 'prnt', NULL, ''),
 (1013016, 't', '1013015', 't', 'prnt', NULL, ''),
 (1013017, 't', '1013000', 't', 'prnt', NULL, ''),
 (1013018, 't', '1013000', 't', 'prnt', NULL, ''),
 (1013019, 't', '1013000', 't', 'prnt', NULL, ''),
 (1013020, 't', '1013019', 't', 'prnt', NULL, ''),
 (1013021, 't', '1013019', 't', 'prnt', NULL, ''),
 (1013022, 't', '1013019', 't', 'prnt', NULL, ''),
 (1013023, 't', '1013019', 't', 'prnt', NULL, ''),
 (1013024, 't', '1013000', 't', 'prnt', NULL, ''),
 (1013025, 't', '1013024', 't', 'prnt', NULL, ''),
 (1013026, 't', '1013025', 't', 'prnt', NULL, ''),
 (1013027, 't', '1013024', 't', 'prnt', NULL, ''),
 (1013028, 't', '1013027', 't', 'prnt', NULL, ''),
 (1013029, 't', '1013027', 't', 'prnt', NULL, ''),
 (1013030, 't', '1013000', 't', 'prnt', NULL, ''),
 (1013031, 't', '1013000', 't', 'prnt', NULL, ''),
 (1013032, 't', '1013031', 't', 'prnt', NULL, ''),
 (1013033, 't', '1013000', 't', 'prnt', NULL, ''),
 (1000100, 't', '2000000', 't', 'prnt', NULL, ''),
 (1014500, 't', '2000000', 't', 'prnt', NULL, ''),
 (1014501, 't', '1014500', 't', 'prnt', NULL, ''),
 (1014502, 't', '1014500', 't', 'prnt', NULL, ''),
 (1014503, 't', '1014500', 't', 'prnt', NULL, ''),
 (1014504, 't', '1014500', 't', 'prnt', NULL, ''),
 (1014505, 't', '1014500', 't', 'prnt', NULL, ''),
 (1010100, 't', '2000000', 't', 'prnt', NULL, ''),
 (1016300, 't', '2000000', 't', 'prnt', NULL, ''),
 (1016301, 't', '1016300', 't', 'prnt', NULL, ''),
 (1016302, 't', '1016301', 't', 'prnt', NULL, ''),
 (1016303, 't', '1016301', 't', 'prnt', NULL, ''),
 (1016304, 't', '1016301', 't', 'prnt', NULL, ''),
 (1016000, 't', '2000000', 't', 'prnt', NULL, ''),
 (1016001, 't', '1016000', 't', 'prnt', NULL, ''),
 (1014300, 't', '2000000', 't', 'prnt', NULL, ''),
 (1014301, 't', '1014300', 't', 'prnt', NULL, ''),
 (1014600, 't', '2000000', 't', 'prnt', NULL, ''),
 (1014601, 't', '1014600', 't', 'prnt', NULL, ''),
 (1014602, 't', '1014600', 't', 'prnt', NULL, ''),
 (1014603, 't', '1014600', 't', 'prnt', NULL, ''),
 (1014604, 't', '1014600', 't', 'prnt', NULL, ''),
 (1014605, 't', '1014600', 't', 'prnt', NULL, ''),
 (1014606, 't', '1014600', 't', 'prnt', NULL, ''),
 (1014607, 't', '1014600', 't', 'prnt', NULL, ''),
 (1014608, 't', '1014600', 't', 'prnt', NULL, ''),
 (1000000, 't', '2000000', 't', 'prnt', NULL, ''),
 (1000001, 't', '1000000', 't', 'prnt', NULL, ''),
 (1000002, 't', '1000000', 't', 'prnt', NULL, ''),
 (1000003, 't', '1000000', 't', 'prnt', NULL, ''),
 (1000004, 't', '1000003', 't', 'prnt', NULL, ''),
 (1000005, 't', '1000003', 't', 'prnt', NULL, ''),
 (1000006, 't', '1000005', 't', 'prnt', NULL, ''),
 (1000007, 't', '1000003', 't', 'prnt', NULL, ''),
 (1000008, 't', '1000007', 't', 'prnt', NULL, ''),
 (1000009, 't', '1000007', 't', 'prnt', NULL, ''),
 (1000010, 't', '1000007', 't', 'prnt', NULL, ''),
 (1000011, 't', '1000007', 't', 'prnt', NULL, ''),
 (1000012, 't', '1000007', 't', 'prnt', NULL, ''),
 (1000013, 't', '1000007', 't', 'prnt', NULL, ''),
 (1000014, 't', '1000007', 't', 'prnt', NULL, ''),
 (1000015, 't', '1000007', 't', 'prnt', NULL, ''),
 (1000016, 't', '1000007', 't', 'prnt', NULL, ''),
 (1000017, 't', '1000007', 't', 'prnt', NULL, ''),
 (1000018, 't', '1000000', 't', 'prnt', NULL, ''),
 (1000019, 't', '1000000', 't', 'prnt', NULL, ''),
 (1000020, 't', '1000019', 't', 'prnt', NULL, ''),
 (1000021, 't', '1000019', 't', 'prnt', NULL, ''),
 (1000022, 't', '1000019', 't', 'prnt', NULL, ''),
 (1000023, 't', '1000000', 't', 'prnt', NULL, ''),
 (1000024, 't', '1000000', 't', 'prnt', NULL, ''),
 (1000025, 't', '1000000', 't', 'prnt', NULL, ''),
 (1000026, 't', '1000000', 't', 'prnt', NULL, ''),
 (1000027, 't', '1000000', 't', 'prnt', NULL, ''),
 (1000028, 't', '1000000', 't', 'prnt', NULL, ''),
 (1000029, 't', '1000000', 't', 'prnt', NULL, ''),
 (1016500, 't', '2000000', 't', 'prnt', NULL, ''),
 (1016501, 't', '1016500', 't', 'prnt', NULL, ''),
 (1016502, 't', '1016500', 't', 'prnt', NULL, ''),
 (1016503, 't', '1016500', 't', 'prnt', NULL, ''),
 (1010200, 't', '2000000', 't', 'prnt', NULL, ''),
 (1016100, 't', '2000000', 't', 'prnt', NULL, ''),
 (1016101, 't', '1016100', 't', 'prnt', NULL, ''),
 (1016102, 't', '1016100', 't', 'prnt', NULL, ''),
 (1004100, 't', '2000000', 't', 'prnt', NULL, ''),
 (1004101, 't', '1004100', 't', 'prnt', NULL, ''),
 (1004102, 't', '1004100', 't', 'prnt', NULL, ''),
 (1004103, 't', '1004100', 't', 'prnt', NULL, ''),
 (1011200, 't', '2000000', 't', 'prnt', NULL, ''),
 (1011201, 't', '1011200', 't', 'prnt', NULL, ''),
 (1011202, 't', '1011200', 't', 'prnt', NULL, ''),
 (1011203, 't', '1011200', 't', 'prnt', NULL, ''),
 (1011204, 't', '1011200', 't', 'prnt', NULL, ''),
 (1011205, 't', '1011200', 't', 'prnt', NULL, ''),
 (1011206, 't', '1011200', 't', 'prnt', NULL, ''),
 (1010700, 't', '2000000', 't', 'prnt', NULL, ''),
 (1010701, 't', '1010700', 't', 'prnt', NULL, ''),
 (1010702, 't', '1010701', 't', 'prnt', NULL, ''),
 (1010703, 't', '1010701', 't', 'prnt', NULL, ''),
 (1010704, 't', '1010701', 't', 'prnt', NULL, ''),
 (1010705, 't', '1010701', 't', 'prnt', NULL, ''),
 (1010706, 't', '1010701', 't', 'prnt', NULL, ''),
 (1010707, 't', '1010701', 't', 'prnt', NULL, ''),
 (1010708, 't', '1010701', 't', 'prnt', NULL, ''),
 (1010709, 't', '1010701', 't', 'prnt', NULL, ''),
 (1010710, 't', '1010701', 't', 'prnt', NULL, ''),
 (1010711, 't', '1010701', 't', 'prnt', NULL, ''),
 (1010712, 't', '1010701', 't', 'prnt', NULL, ''),
 (1010713, 't', '1010701', 't', 'prnt', NULL, ''),
 (1010714, 't', '1010701', 't', 'prnt', NULL, ''),
 (1010715, 't', '1010701', 't', 'prnt', NULL, ''),
 (1010716, 't', '1010701', 't', 'prnt', NULL, ''),
 (1010717, 't', '1010701', 't', 'prnt', NULL, ''),
 (1010718, 't', '1010701', 't', 'prnt', NULL, ''),
 (1010719, 't', '1010701', 't', 'prnt', NULL, ''),
 (1010720, 't', '1010701', 't', 'prnt', NULL, ''),
 (1010721, 't', '1010701', 't', 'prnt', NULL, ''),
 (1010722, 't', '1010701', 't', 'prnt', NULL, ''),
 (1010723, 't', '1010701', 't', 'prnt', NULL, ''),
 (1010724, 't', '1010701', 't', 'prnt', NULL, ''),
 (1010725, 't', '1010701', 't', 'prnt', NULL, ''),
 (1010726, 't', '1010701', 't', 'prnt', NULL, ''),
 (1010727, 't', '1010701', 't', 'prnt', NULL, ''),
 (1010728, 't', '1010701', 't', 'prnt', NULL, ''),
 (1010729, 't', '1010701', 't', 'prnt', NULL, ''),
 (1010730, 't', '1010701', 't', 'prnt', NULL, ''),
 (1010731, 't', '1010701', 't', 'prnt', NULL, ''),
 (1010732, 't', '1010701', 't', 'prnt', NULL, ''),
 (1010733, 't', '1010701', 't', 'prnt', NULL, ''),
 (1010734, 't', '1010701', 't', 'prnt', NULL, ''),
 (1010735, 't', '1010701', 't', 'prnt', NULL, ''),
 (1010736, 't', '1010701', 't', 'prnt', NULL, ''),
 (1010737, 't', '1010701', 't', 'prnt', NULL, ''),
 (1010738, 't', '1010701', 't', 'prnt', NULL, ''),
 (1010739, 't', '1010701', 't', 'prnt', NULL, ''),
 (1010740, 't', '1010701', 't', 'prnt', NULL, ''),
 (1010741, 't', '1010701', 't', 'prnt', NULL, ''),
 (1010742, 't', '1010701', 't', 'prnt', NULL, ''),
 (1010743, 't', '1010701', 't', 'prnt', NULL, ''),
 (1010744, 't', '1010701', 't', 'prnt', NULL, ''),
 (1010745, 't', '1010701', 't', 'prnt', NULL, ''),
 (1010746, 't', '1010701', 't', 'prnt', NULL, ''),
 (1010747, 't', '1010701', 't', 'prnt', NULL, ''),
 (1010748, 't', '1010701', 't', 'prnt', NULL, ''),
 (1010749, 't', '1010701', 't', 'prnt', NULL, ''),
 (1010750, 't', '1010701', 't', 'prnt', NULL, ''),
 (1010751, 't', '1010701', 't', 'prnt', NULL, ''),
 (1010752, 't', '1010701', 't', 'prnt', NULL, ''),
 (1010753, 't', '1010701', 't', 'prnt', NULL, ''),
 (1010754, 't', '1010701', 't', 'prnt', NULL, ''),
 (1010755, 't', '1010701', 't', 'prnt', NULL, ''),
 (1010756, 't', '1010701', 't', 'prnt', NULL, ''),
 (1010757, 't', '1010701', 't', 'prnt', NULL, ''),
 (1010758, 't', '1010701', 't', 'prnt', NULL, ''),
 (1010759, 't', '1010758', 't', 'prnt', NULL, ''),
 (1010760, 't', '1010758', 't', 'prnt', NULL, ''),
 (1010761, 't', '1010701', 't', 'prnt', NULL, ''),
 (1010762, 't', '1010701', 't', 'prnt', NULL, ''),
 (1010763, 't', '1010700', 't', 'prnt', NULL, ''),
 (1010764, 't', '1010700', 't', 'prnt', NULL, ''),
 (1010765, 't', '1010700', 't', 'prnt', NULL, ''),
 (1010766, 't', '1010700', 't', 'prnt', NULL, ''),
 (1010800, 't', '2000000', 't', 'prnt', NULL, ''),
 (1010801, 't', '1010800', 't', 'prnt', NULL, ''),
 (2000100, 't', '0', 't', 'prnt', NULL, ''),
 (1000200, 't', '2000100', 't', 'prnt', NULL, ''),
 (1000201, 't', '1000200', 't', 'prnt', NULL, ''),
 (1000202, 't', '1000200', 't', 'prnt', NULL, ''),
 (1000203, 't', '1000200', 't', 'prnt', NULL, ''),
 (1000204, 't', '1000200', 't', 'prnt', NULL, ''),
 (1000500, 't', '2000100', 't', 'prnt', NULL, ''),
 (1002100, 't', '2000100', 't', 'prnt', NULL, ''),
 (1002101, 't', '1002100', 't', 'prnt', NULL, ''),
 (1002102, 't', '1002100', 't', 'prnt', NULL, ''),
 (1000600, 't', '2000100', 't', 'prnt', NULL, ''),
 (1000700, 't', '2000100', 't', 'prnt', NULL, ''),
 (1011600, 't', '2000100', 't', 'prnt', NULL, ''),
 (1011601, 't', '1011600', 't', 'prnt', NULL, ''),
 (1011602, 't', '1011600', 't', 'prnt', NULL, ''),
 (1011603, 't', '1011600', 't', 'prnt', NULL, ''),
 (1011604, 't', '1011600', 't', 'prnt', NULL, ''),
 (1000800, 't', '2000100', 't', 'prnt', NULL, ''),
 (1, 't', '0', 't', 'prnt', NULL, ''),
 (2, 't', '0', 't', 'prnt', NULL, ''),
 (3, 't', '0', 't', 'prnt', NULL, ''),
 (11, 'c', '1002000', 't', 'type', NULL, ''),
 (11, 'c', '8', 'c', 'prnt', NULL, ''),
 (0, 'm', '2000000', 't', 'type', NULL, ''),
 (0, 'm', '11', 'c', 'prnt', NULL, ''),
 (1, 'm', '2000000', 't', 'type', NULL, ''),
 (1, 'm', '0', 'm', 'prnt', NULL, ''),
 (2, 'm', '2000000', 't', 'type', NULL, ''),
 (2, 'm', '1', 'm', 'prnt', NULL, ''),
 (3, 'm', '2000000', 't', 'type', NULL, ''),
 (3, 'm', '1', 'm', 'prnt', NULL, ''),
 (4, 'm', '2000000', 't', 'type', NULL, ''),
 (4, 'm', '1', 'm', 'prnt', NULL, ''),
 (5, 'm', '2000000', 't', 'type', NULL, ''),
 (5, 'm', '1', 'm', 'prnt', NULL, ''),
 (6, 'm', '2000000', 't', 'type', NULL, ''),
 (6, 'm', '1', 'm', 'prnt', NULL, ''),
 (7, 'm', '2000000', 't', 'type', NULL, ''),
 (7, 'm', '1', 'm', 'prnt', NULL, ''),
 (8, 'm', '2000000', 't', 'type', NULL, ''),
 (8, 'm', '1', 'm', 'prnt', NULL, ''),
 (9, 'm', '2000000', 't', 'type', NULL, ''),
 (9, 'm', '1', 'm', 'prnt', NULL, ''),
 (10, 'm', '2000000', 't', 'type', NULL, ''),
 (10, 'm', '1', 'm', 'prnt', NULL, ''),
 (11, 'm', '2000000', 't', 'type', NULL, ''),
 (11, 'm', '1', 'm', 'prnt', NULL, ''),
 (12, 'm', '2000000', 't', 'type', NULL, ''),
 (12, 'm', '1', 'm', 'prnt', NULL, ''),
 (13, 'm', '2000000', 't', 'type', NULL, ''),
 (13, 'm', '1', 'm', 'prnt', NULL, ''),
 (14, 'm', '2000000', 't', 'type', NULL, ''),
 (14, 'm', '1', 'm', 'prnt', NULL, ''),
 (15, 'm', '2000000', 't', 'type', NULL, ''),
 (15, 'm', '1', 'm', 'prnt', NULL, ''),
 (16, 'm', '2000000', 't', 'type', NULL, ''),
 (16, 'm', '1', 'm', 'prnt', NULL, ''),
 (17, 'm', '2000000', 't', 'type', NULL, ''),
 (17, 'm', '1', 'm', 'prnt', NULL, ''),
 (18, 'm', '2000000', 't', 'type', NULL, ''),
 (18, 'm', '1', 'm', 'prnt', NULL, ''),
 (19, 'm', '2000000', 't', 'type', NULL, ''),
 (19, 'm', '1', 'm', 'prnt', NULL, ''),
 (20, 'm', '2000000', 't', 'type', NULL, ''),
 (20, 'm', '1', 'm', 'prnt', NULL, ''),
 (21, 'm', '2000000', 't', 'type', NULL, ''),
 (21, 'm', '1', 'm', 'prnt', NULL, ''),
 (22, 'm', '2000000', 't', 'type', NULL, ''),
 (22, 'm', '1', 'm', 'prnt', NULL, ''),
 (23, 'm', '2000000', 't', 'type', NULL, ''),
 (23, 'm', '1', 'm', 'prnt', NULL, ''),
 (24, 'm', '2000000', 't', 'type', NULL, ''),
 (24, 'm', '1', 'm', 'prnt', NULL, ''),
 (25, 'm', '2000000', 't', 'type', NULL, ''),
 (25, 'm', '1', 'm', 'prnt', NULL, ''),
 (26, 'm', '2000000', 't', 'type', NULL, ''),
 (26, 'm', '1', 'm', 'prnt', NULL, ''),
 (27, 'm', '2000000', 't', 'type', NULL, ''),
 (27, 'm', '1', 'm', 'prnt', NULL, ''),
 (28, 'm', '2000000', 't', 'type', NULL, ''),
 (28, 'm', '1', 'm', 'prnt', NULL, ''),
 (29, 'm', '2000000', 't', 'type', NULL, ''),
 (29, 'm', '1', 'm', 'prnt', NULL, ''),
 (30, 'm', '2000000', 't', 'type', NULL, ''),
 (30, 'm', '1', 'm', 'prnt', NULL, ''),
 (31, 'm', '2000000', 't', 'type', NULL, ''),
 (31, 'm', '1', 'm', 'prnt', NULL, ''),
 (32, 'm', '2000000', 't', 'type', NULL, ''),
 (32, 'm', '1', 'm', 'prnt', NULL, ''),
 (33, 'm', '2000000', 't', 'type', NULL, ''),
 (33, 'm', '1', 'm', 'prnt', NULL, ''),
 (34, 'm', '2000000', 't', 'type', NULL, ''),
 (34, 'm', '1', 'm', 'prnt', NULL, ''),
 (35, 'm', '2000000', 't', 'type', NULL, ''),
 (35, 'm', '1', 'm', 'prnt', NULL, ''),
 (36, 'm', '2000000', 't', 'type', NULL, ''),
 (36, 'm', '1', 'm', 'prnt', NULL, ''),
 (37, 'm', '2000000', 't', 'type', NULL, ''),
 (37, 'm', '1', 'm', 'prnt', NULL, ''),
 (38, 'm', '2000000', 't', 'type', NULL, ''),
 (38, 'm', '0', 'm', 'prnt', NULL, ''),
 (39, 'm', '2000000', 't', 'type', NULL, ''),
 (39, 'm', '38', 'm', 'prnt', NULL, ''),
 (40, 'm', '2000000', 't', 'type', NULL, ''),
 (40, 'm', '38', 'm', 'prnt', NULL, ''),
 (41, 'm', '2000000', 't', 'type', NULL, ''),
 (41, 'm', '38', 'm', 'prnt', NULL, ''),
 (42, 'm', '2000000', 't', 'type', NULL, ''),
 (42, 'm', '38', 'm', 'prnt', NULL, ''),
 (43, 'm', '2000000', 't', 'type', NULL, ''),
 (43, 'm', '38', 'm', 'prnt', NULL, ''),
 (44, 'm', '2000000', 't', 'type', NULL, ''),
 (44, 'm', '38', 'm', 'prnt', NULL, ''),
 (45, 'm', '2000000', 't', 'type', NULL, ''),
 (45, 'm', '38', 'm', 'prnt', NULL, ''),
 (46, 'm', '2000000', 't', 'type', NULL, ''),
 (46, 'm', '38', 'm', 'prnt', NULL, ''),
 (47, 'm', '2000000', 't', 'type', NULL, ''),
 (47, 'm', '38', 'm', 'prnt', NULL, ''),
 (48, 'm', '2000000', 't', 'type', NULL, ''),
 (48, 'm', '38', 'm', 'prnt', NULL, ''),
 (49, 'm', '2000000', 't', 'type', NULL, ''),
 (49, 'm', '38', 'm', 'prnt', NULL, '')
;

select objk.nmbrng_id || '_' || objk.id as name, objk.label from objk
where objk.nmbrng_id = 'n'
order by name;

select objk.nmbrng_id || '_' || objk.id as name, objk.label, link.arrow_label, link.trg_nmbrng_id || '_' || link.trg_id as remote from objk, link
where objk.nmbrng_id = 'n'
and link.arrow_label = 'type'
and name = link.src_nmbrng_id || '_' || link.src_id;
/*
name	label	arrow_label	remote
n_47		type	t_1011604
n_50		type	t_1000600
n_0		type	t_1
n_2		type	t_2
n_3		type	t_3
n_4		type	t_1010800
n_5	ChartViewerService-JFreeChart	type	t_1002234
n_6	ChartViewerService-gnuplot	type	t_1002234
*/

