/* 
To view this file, download an open-source relational database product such as mysql or postgresql.

Automatically generated by Xholon version 0.9.1, using Xholon2Sql.java
Fri May 26 07:55:30 GMT-400 2017 1495799730696
model: Category - Musical(S)
www.primordion.com/Xholon
In MySQL, you will need to temporarily disable foreign keys while loading in this file:
SET @OLD_FOREIGN_KEY_CHECKS=@@FOREIGN_KEY_CHECKS;
SET FOREIGN_KEY_CHECKS=0;
source thenameofthisfile.sql;
SET FOREIGN_KEY_CHECKS=@OLD_FOREIGN_KEY_CHECKS;
 */
DROP TABLE IF EXISTS CategorySystem;
CREATE TABLE IF NOT EXISTS CategorySystem (
 ID int NOT NULL,
 xhcID int NOT NULL,
 roleName varchar(80) NOT NULL default '',
 PRIMARY KEY (ID),
 FOREIGN KEY (xhcID) REFERENCES XholonClass(ID));
INSERT INTO CategorySystem (ID, xhcID, roleName) VALUES
 (45, 5, 'Music(S)');

DROP TABLE IF EXISTS PitchClass;
CREATE TABLE IF NOT EXISTS PitchClass (
 ID int NOT NULL,
 xhcID int NOT NULL,
 roleName varchar(80) NOT NULL default '',
 parentID int,
 PRIMARY KEY (ID),
 FOREIGN KEY (xhcID) REFERENCES XholonClass(ID),
 FOREIGN KEY (parentID) REFERENCES PitchClasses(ID));
INSERT INTO PitchClass (ID, xhcID, roleName, parentID) VALUES
 (47, 6, 'x0', 46);
INSERT INTO PitchClass (ID, xhcID, roleName, parentID) VALUES
 (48, 6, 'x1', 46);
INSERT INTO PitchClass (ID, xhcID, roleName, parentID) VALUES
 (49, 6, 'x2', 46);
INSERT INTO PitchClass (ID, xhcID, roleName, parentID) VALUES
 (50, 6, 'x3', 46);
INSERT INTO PitchClass (ID, xhcID, roleName, parentID) VALUES
 (51, 6, 'x4', 46);
INSERT INTO PitchClass (ID, xhcID, roleName, parentID) VALUES
 (52, 6, 'x5', 46);
INSERT INTO PitchClass (ID, xhcID, roleName, parentID) VALUES
 (53, 6, 'x6', 46);
INSERT INTO PitchClass (ID, xhcID, roleName, parentID) VALUES
 (54, 6, 'x7', 46);
INSERT INTO PitchClass (ID, xhcID, roleName, parentID) VALUES
 (55, 6, 'x8', 46);
INSERT INTO PitchClass (ID, xhcID, roleName, parentID) VALUES
 (56, 6, 'x9', 46);
INSERT INTO PitchClass (ID, xhcID, roleName, parentID) VALUES
 (57, 6, 'x10', 46);
INSERT INTO PitchClass (ID, xhcID, roleName, parentID) VALUES
 (58, 6, 'x11', 46);

DROP TABLE IF EXISTS PitchClassName;
CREATE TABLE IF NOT EXISTS PitchClassName (
 ID int NOT NULL,
 xhcID int NOT NULL,
 roleName varchar(80) NOT NULL default '',
 parentID int,
 n int,
 t int,
 PRIMARY KEY (ID),
 FOREIGN KEY (xhcID) REFERENCES XholonClass(ID),
 FOREIGN KEY (parentID) REFERENCES PitchClassNames(ID),
 FOREIGN KEY (n) REFERENCES PitchClass(ID),
 FOREIGN KEY (t) REFERENCES LetterName(ID));
INSERT INTO PitchClassName (ID, xhcID, roleName, parentID, n, t) VALUES
 (68, 7, 'C♮', 67, 47, 60);
INSERT INTO PitchClassName (ID, xhcID, roleName, parentID, n, t) VALUES
 (71, 7, 'C♯', 67, 48, 60);
INSERT INTO PitchClassName (ID, xhcID, roleName, parentID, n, t) VALUES
 (74, 7, 'D♭', 67, 48, 61);
INSERT INTO PitchClassName (ID, xhcID, roleName, parentID, n, t) VALUES
 (77, 7, 'D♮', 67, 49, 61);
INSERT INTO PitchClassName (ID, xhcID, roleName, parentID, n, t) VALUES
 (80, 7, 'D♯', 67, 50, 61);
INSERT INTO PitchClassName (ID, xhcID, roleName, parentID, n, t) VALUES
 (83, 7, 'E♭', 67, 50, 62);
INSERT INTO PitchClassName (ID, xhcID, roleName, parentID, n, t) VALUES
 (86, 7, 'E♮', 67, 51, 62);
INSERT INTO PitchClassName (ID, xhcID, roleName, parentID, n, t) VALUES
 (89, 7, 'F♮', 67, 52, 63);
INSERT INTO PitchClassName (ID, xhcID, roleName, parentID, n, t) VALUES
 (92, 7, 'F♯', 67, 53, 63);
INSERT INTO PitchClassName (ID, xhcID, roleName, parentID, n, t) VALUES
 (95, 7, 'G♭', 67, 53, 64);
INSERT INTO PitchClassName (ID, xhcID, roleName, parentID, n, t) VALUES
 (98, 7, 'G♮', 67, 54, 64);
INSERT INTO PitchClassName (ID, xhcID, roleName, parentID, n, t) VALUES
 (101, 7, 'G♯', 67, 55, 64);
INSERT INTO PitchClassName (ID, xhcID, roleName, parentID, n, t) VALUES
 (104, 7, 'A♭', 67, 55, 65);
INSERT INTO PitchClassName (ID, xhcID, roleName, parentID, n, t) VALUES
 (107, 7, 'A♮', 67, 56, 65);
INSERT INTO PitchClassName (ID, xhcID, roleName, parentID, n, t) VALUES
 (110, 7, 'A♯', 67, 57, 65);
INSERT INTO PitchClassName (ID, xhcID, roleName, parentID, n, t) VALUES
 (113, 7, 'B♭', 67, 57, 66);
INSERT INTO PitchClassName (ID, xhcID, roleName, parentID, n, t) VALUES
 (116, 7, 'B♮', 67, 58, 66);

DROP TABLE IF EXISTS LetterName;
CREATE TABLE IF NOT EXISTS LetterName (
 ID int NOT NULL,
 xhcID int NOT NULL,
 roleName varchar(80) NOT NULL default '',
 parentID int,
 PRIMARY KEY (ID),
 FOREIGN KEY (xhcID) REFERENCES XholonClass(ID),
 FOREIGN KEY (parentID) REFERENCES LetterNames(ID));
INSERT INTO LetterName (ID, xhcID, roleName, parentID) VALUES
 (60, 8, 'C', 59);
INSERT INTO LetterName (ID, xhcID, roleName, parentID) VALUES
 (61, 8, 'D', 59);
INSERT INTO LetterName (ID, xhcID, roleName, parentID) VALUES
 (62, 8, 'E', 59);
INSERT INTO LetterName (ID, xhcID, roleName, parentID) VALUES
 (63, 8, 'F', 59);
INSERT INTO LetterName (ID, xhcID, roleName, parentID) VALUES
 (64, 8, 'G', 59);
INSERT INTO LetterName (ID, xhcID, roleName, parentID) VALUES
 (65, 8, 'A', 59);
INSERT INTO LetterName (ID, xhcID, roleName, parentID) VALUES
 (66, 8, 'B', 59);

DROP TABLE IF EXISTS PitchClasses;
CREATE TABLE IF NOT EXISTS PitchClasses (
 ID int NOT NULL,
 xhcID int NOT NULL,
 roleName varchar(80) NOT NULL default '',
 parentID int,
 PRIMARY KEY (ID),
 FOREIGN KEY (xhcID) REFERENCES XholonClass(ID),
 FOREIGN KEY (parentID) REFERENCES CategorySystem(ID));
INSERT INTO PitchClasses (ID, xhcID, roleName, parentID) VALUES
 (46, 12, 'X', 45);

DROP TABLE IF EXISTS PitchClassNames;
CREATE TABLE IF NOT EXISTS PitchClassNames (
 ID int NOT NULL,
 xhcID int NOT NULL,
 roleName varchar(80) NOT NULL default '',
 parentID int,
 PRIMARY KEY (ID),
 FOREIGN KEY (xhcID) REFERENCES XholonClass(ID),
 FOREIGN KEY (parentID) REFERENCES CategorySystem(ID));
INSERT INTO PitchClassNames (ID, xhcID, roleName, parentID) VALUES
 (67, 13, 'Z', 45);

DROP TABLE IF EXISTS LetterNames;
CREATE TABLE IF NOT EXISTS LetterNames (
 ID int NOT NULL,
 xhcID int NOT NULL,
 roleName varchar(80) NOT NULL default '',
 parentID int,
 PRIMARY KEY (ID),
 FOREIGN KEY (xhcID) REFERENCES XholonClass(ID),
 FOREIGN KEY (parentID) REFERENCES CategorySystem(ID));
INSERT INTO LetterNames (ID, xhcID, roleName, parentID) VALUES
 (59, 14, 'L', 45);

DROP TABLE IF EXISTS Scale;
CREATE TABLE IF NOT EXISTS Scale (
 ID int NOT NULL,
 xhcID int NOT NULL,
 roleName varchar(80) NOT NULL default '',
 parentID int,
 PRIMARY KEY (ID),
 FOREIGN KEY (xhcID) REFERENCES XholonClass(ID),
 FOREIGN KEY (parentID) REFERENCES CategorySystem(ID));
INSERT INTO Scale (ID, xhcID, roleName, parentID) VALUES
 (119, 15, 'I', 45);

DROP TABLE IF EXISTS Note;
CREATE TABLE IF NOT EXISTS Note (
 ID int NOT NULL,
 xhcID int NOT NULL,
 parentID int,
 i int,
 PRIMARY KEY (ID),
 FOREIGN KEY (xhcID) REFERENCES XholonClass(ID),
 FOREIGN KEY (parentID) REFERENCES Scale(ID),
 FOREIGN KEY (i) REFERENCES PitchClassName(ID));
INSERT INTO Note (ID, xhcID, parentID, i) VALUES
 (120, 16, 119, 68);
INSERT INTO Note (ID, xhcID, parentID, i) VALUES
 (122, 16, 119, 77);
INSERT INTO Note (ID, xhcID, parentID, i) VALUES
 (124, 16, 119, 86);
INSERT INTO Note (ID, xhcID, parentID, i) VALUES
 (126, 16, 119, 89);
INSERT INTO Note (ID, xhcID, parentID, i) VALUES
 (128, 16, 119, 98);
INSERT INTO Note (ID, xhcID, parentID, i) VALUES
 (130, 16, 119, 107);
INSERT INTO Note (ID, xhcID, parentID, i) VALUES
 (132, 16, 119, 116);

DROP TABLE IF EXISTS XholonClass;
CREATE TABLE IF NOT EXISTS XholonClass (
 ID int NOT NULL,
 xhcName varchar(80),
 parentID int,
 PRIMARY KEY (ID),
 FOREIGN KEY (parentID) REFERENCES XholonClass(ID));
INSERT INTO XholonClass (ID, xhcName, parentID) VALUES
 (0, 'XholonClass', 0),
 (1, 'Chameleon', 0),
 (2, 'Quantity', 0),
 (5, 'CategorySystem', 0),
 (6, 'PitchClass', 0),
 (7, 'PitchClassName', 0),
 (8, 'LetterName', 0),
 (9, 'RegularMode', 0),
 (10, 'MajorMode', 9),
 (11, 'MinorMode', 9),
 (12, 'PitchClasses', 0),
 (13, 'PitchClassNames', 0),
 (14, 'LetterNames', 0),
 (15, 'Scale', 0),
 (16, 'Note', 0);

