/* 
To view this file, download an open-source relational database product such as mysql or postgresql.

Automatically generated by Xholon version 0.9.1, using Xholon2Sql.java
Fri May 26 09:44:10 GMT-400 2017 1495806250427
model: Category - Music(S)
www.primordion.com/Xholon
In MySQL, you will need to temporarily disable foreign keys while loading in this file:
SET @OLD_FOREIGN_KEY_CHECKS=@@FOREIGN_KEY_CHECKS;
SET FOREIGN_KEY_CHECKS=0;
source thenameofthisfile.sql;
SET FOREIGN_KEY_CHECKS=@OLD_FOREIGN_KEY_CHECKS;
 */
DROP TABLE IF EXISTS CategorySystem;
CREATE TABLE IF NOT EXISTS CategorySystem (
 ID int NOT NULL,
 xhcID int NOT NULL,
 roleName varchar(80) NOT NULL default '',
 PRIMARY KEY (ID),
 FOREIGN KEY (xhcID) REFERENCES XholonClass(ID));
INSERT INTO CategorySystem (ID, xhcID, roleName) VALUES
 (45, 5, 'Music(S)');

DROP TABLE IF EXISTS PitchClass;
CREATE TABLE IF NOT EXISTS PitchClass (
 ID int NOT NULL,
 xhcID int NOT NULL,
 roleName varchar(80) NOT NULL default '',
 PRIMARY KEY (ID),
 FOREIGN KEY (xhcID) REFERENCES XholonClass(ID));
INSERT INTO PitchClass (ID, xhcID, roleName) VALUES
 (47, 6, 'x0');
INSERT INTO PitchClass (ID, xhcID, roleName) VALUES
 (48, 6, 'x1');
INSERT INTO PitchClass (ID, xhcID, roleName) VALUES
 (49, 6, 'x2');
INSERT INTO PitchClass (ID, xhcID, roleName) VALUES
 (50, 6, 'x3');
INSERT INTO PitchClass (ID, xhcID, roleName) VALUES
 (51, 6, 'x4');
INSERT INTO PitchClass (ID, xhcID, roleName) VALUES
 (52, 6, 'x5');
INSERT INTO PitchClass (ID, xhcID, roleName) VALUES
 (53, 6, 'x6');
INSERT INTO PitchClass (ID, xhcID, roleName) VALUES
 (54, 6, 'x7');
INSERT INTO PitchClass (ID, xhcID, roleName) VALUES
 (55, 6, 'x8');
INSERT INTO PitchClass (ID, xhcID, roleName) VALUES
 (56, 6, 'x9');
INSERT INTO PitchClass (ID, xhcID, roleName) VALUES
 (57, 6, 'x10');
INSERT INTO PitchClass (ID, xhcID, roleName) VALUES
 (58, 6, 'x11');

DROP TABLE IF EXISTS PitchClassName;
CREATE TABLE IF NOT EXISTS PitchClassName (
 ID int NOT NULL,
 xhcID int NOT NULL,
 roleName varchar(80) NOT NULL default '',
 n int,
 t int,
 PRIMARY KEY (ID),
 FOREIGN KEY (xhcID) REFERENCES XholonClass(ID),
 FOREIGN KEY (n) REFERENCES PitchClass(ID),
 FOREIGN KEY (t) REFERENCES LetterName(ID));
INSERT INTO PitchClassName (ID, xhcID, roleName, n, t) VALUES
 (68, 7, 'C♮', 47, 60);
INSERT INTO PitchClassName (ID, xhcID, roleName, n, t) VALUES
 (71, 7, 'C♯', 48, 60);
INSERT INTO PitchClassName (ID, xhcID, roleName, n, t) VALUES
 (74, 7, 'D♭', 48, 61);
INSERT INTO PitchClassName (ID, xhcID, roleName, n, t) VALUES
 (77, 7, 'D♮', 49, 61);
INSERT INTO PitchClassName (ID, xhcID, roleName, n, t) VALUES
 (80, 7, 'D♯', 50, 61);
INSERT INTO PitchClassName (ID, xhcID, roleName, n, t) VALUES
 (83, 7, 'E♭', 50, 62);
INSERT INTO PitchClassName (ID, xhcID, roleName, n, t) VALUES
 (86, 7, 'E♮', 51, 62);
INSERT INTO PitchClassName (ID, xhcID, roleName, n, t) VALUES
 (89, 7, 'F♮', 52, 63);
INSERT INTO PitchClassName (ID, xhcID, roleName, n, t) VALUES
 (92, 7, 'F♯', 53, 63);
INSERT INTO PitchClassName (ID, xhcID, roleName, n, t) VALUES
 (95, 7, 'G♭', 53, 64);
INSERT INTO PitchClassName (ID, xhcID, roleName, n, t) VALUES
 (98, 7, 'G♮', 54, 64);
INSERT INTO PitchClassName (ID, xhcID, roleName, n, t) VALUES
 (101, 7, 'G♯', 55, 64);
INSERT INTO PitchClassName (ID, xhcID, roleName, n, t) VALUES
 (104, 7, 'A♭', 55, 65);
INSERT INTO PitchClassName (ID, xhcID, roleName, n, t) VALUES
 (107, 7, 'A♮', 56, 65);
INSERT INTO PitchClassName (ID, xhcID, roleName, n, t) VALUES
 (110, 7, 'A♯', 57, 65);
INSERT INTO PitchClassName (ID, xhcID, roleName, n, t) VALUES
 (113, 7, 'B♭', 57, 66);
INSERT INTO PitchClassName (ID, xhcID, roleName, n, t) VALUES
 (116, 7, 'B♮', 58, 66);

DROP TABLE IF EXISTS LetterName;
CREATE TABLE IF NOT EXISTS LetterName (
 ID int NOT NULL,
 xhcID int NOT NULL,
 roleName varchar(80) NOT NULL default '',
 PRIMARY KEY (ID),
 FOREIGN KEY (xhcID) REFERENCES XholonClass(ID));
INSERT INTO LetterName (ID, xhcID, roleName) VALUES
 (60, 8, 'C');
INSERT INTO LetterName (ID, xhcID, roleName) VALUES
 (61, 8, 'D');
INSERT INTO LetterName (ID, xhcID, roleName) VALUES
 (62, 8, 'E');
INSERT INTO LetterName (ID, xhcID, roleName) VALUES
 (63, 8, 'F');
INSERT INTO LetterName (ID, xhcID, roleName) VALUES
 (64, 8, 'G');
INSERT INTO LetterName (ID, xhcID, roleName) VALUES
 (65, 8, 'A');
INSERT INTO LetterName (ID, xhcID, roleName) VALUES
 (66, 8, 'B');

DROP TABLE IF EXISTS PitchClasses;
CREATE TABLE IF NOT EXISTS PitchClasses (
 ID int NOT NULL,
 xhcID int NOT NULL,
 roleName varchar(80) NOT NULL default '',
 PRIMARY KEY (ID),
 FOREIGN KEY (xhcID) REFERENCES XholonClass(ID));
INSERT INTO PitchClasses (ID, xhcID, roleName) VALUES
 (46, 9, 'X');

DROP TABLE IF EXISTS PitchClassNames;
CREATE TABLE IF NOT EXISTS PitchClassNames (
 ID int NOT NULL,
 xhcID int NOT NULL,
 roleName varchar(80) NOT NULL default '',
 PRIMARY KEY (ID),
 FOREIGN KEY (xhcID) REFERENCES XholonClass(ID));
INSERT INTO PitchClassNames (ID, xhcID, roleName) VALUES
 (67, 10, 'Z');

DROP TABLE IF EXISTS LetterNames;
CREATE TABLE IF NOT EXISTS LetterNames (
 ID int NOT NULL,
 xhcID int NOT NULL,
 roleName varchar(80) NOT NULL default '',
 PRIMARY KEY (ID),
 FOREIGN KEY (xhcID) REFERENCES XholonClass(ID));
INSERT INTO LetterNames (ID, xhcID, roleName) VALUES
 (59, 11, 'L');

DROP TABLE IF EXISTS Scale;
CREATE TABLE IF NOT EXISTS Scale (
 ID int NOT NULL,
 xhcID int NOT NULL,
 roleName varchar(80) NOT NULL default '',
 PRIMARY KEY (ID),
 FOREIGN KEY (xhcID) REFERENCES XholonClass(ID));
INSERT INTO Scale (ID, xhcID, roleName) VALUES
 (120, 12, 'Major');
INSERT INTO Scale (ID, xhcID, roleName) VALUES
 (121, 12, 'Minor');

DROP TABLE IF EXISTS Note;
CREATE TABLE IF NOT EXISTS Note (
 ID int NOT NULL,
 xhcID int NOT NULL,
 pitchClassName int,
 scale int,
 PRIMARY KEY (ID),
 FOREIGN KEY (xhcID) REFERENCES XholonClass(ID),
 FOREIGN KEY (pitchClassName) REFERENCES PitchClassName(ID),
 FOREIGN KEY (scale) REFERENCES Scale(ID));
INSERT INTO Note (ID, xhcID, pitchClassName, scale) VALUES
 (123, 13, 68, 120);
INSERT INTO Note (ID, xhcID, pitchClassName, scale) VALUES
 (126, 13, 77, 120);
INSERT INTO Note (ID, xhcID, pitchClassName, scale) VALUES
 (129, 13, 86, 120);
INSERT INTO Note (ID, xhcID, pitchClassName, scale) VALUES
 (132, 13, 89, 120);
INSERT INTO Note (ID, xhcID, pitchClassName, scale) VALUES
 (135, 13, 98, 120);
INSERT INTO Note (ID, xhcID, pitchClassName, scale) VALUES
 (138, 13, 107, 120);
INSERT INTO Note (ID, xhcID, pitchClassName, scale) VALUES
 (141, 13, 116, 120);
INSERT INTO Note (ID, xhcID, pitchClassName, scale) VALUES
 (144, 13, 68, 121);
INSERT INTO Note (ID, xhcID, pitchClassName, scale) VALUES
 (147, 13, 77, 121);
INSERT INTO Note (ID, xhcID, pitchClassName, scale) VALUES
 (150, 13, 83, 121);
INSERT INTO Note (ID, xhcID, pitchClassName, scale) VALUES
 (153, 13, 89, 121);
INSERT INTO Note (ID, xhcID, pitchClassName, scale) VALUES
 (156, 13, 98, 121);
INSERT INTO Note (ID, xhcID, pitchClassName, scale) VALUES
 (159, 13, 104, 121);
INSERT INTO Note (ID, xhcID, pitchClassName, scale) VALUES
 (162, 13, 116, 121);

DROP TABLE IF EXISTS Scales;
CREATE TABLE IF NOT EXISTS Scales (
 ID int NOT NULL,
 xhcID int NOT NULL,
 PRIMARY KEY (ID),
 FOREIGN KEY (xhcID) REFERENCES XholonClass(ID));
INSERT INTO Scales (ID, xhcID) VALUES
 (119, 14);

DROP TABLE IF EXISTS Notes;
CREATE TABLE IF NOT EXISTS Notes (
 ID int NOT NULL,
 xhcID int NOT NULL,
 PRIMARY KEY (ID),
 FOREIGN KEY (xhcID) REFERENCES XholonClass(ID));
INSERT INTO Notes (ID, xhcID) VALUES
 (122, 15);

DROP TABLE IF EXISTS XholonClass;
CREATE TABLE IF NOT EXISTS XholonClass (
 ID int NOT NULL,
 xhcName varchar(80),
 parentID int,
 PRIMARY KEY (ID),
 FOREIGN KEY (parentID) REFERENCES XholonClass(ID));
INSERT INTO XholonClass (ID, xhcName, parentID) VALUES
 (0, 'XholonClass', 0),
 (1, 'Chameleon', 0),
 (2, 'Quantity', 0),
 (5, 'CategorySystem', 0),
 (6, 'PitchClass', 0),
 (7, 'PitchClassName', 0),
 (8, 'LetterName', 0),
 (9, 'PitchClasses', 0),
 (10, 'PitchClassNames', 0),
 (11, 'LetterNames', 0),
 (12, 'Scale', 0),
 (13, 'Note', 0),
 (14, 'Scales', 0),
 (15, 'Notes', 0);

